<?xml version="1.0" encoding="UTF-8"?><metadata>
    <idinfo>
        <citation>
            <citeinfo>
                <origin/>
                <pubdate>20201125</pubdate>
                <title>Solar Photovoltaic (PV) Installations by County in New Jersey (Web Mercator ArcGIS Online Service), Edition 20201125 (Util_solar_county)</title>
                <geoform>vector digital data</geoform>
                <pubinfo>
                    <pubplace/>
                    <publish>NJDEP Bureau of Energy &amp; Sustainability</publish>
                </pubinfo>
                <onlink>https://www.nj.gov/dep/gis/digidownload/zips/OpenData/Util_solar_county.zip</onlink>
            </citeinfo>
        </citation>
        <descript>
            <abstract>The data within this layer includes the quantity and installed capacity of solar installations in each of New Jersey's counties. The quantity and installed capacity in each county is also broken out by installation type (i.e. residential, non-residential, and gird supply). This data is updated and published monthly by the New Jersey Board of Public Utilities at: https://www.njcleanenergy.com/renewable-energy/project-activity-reports/project-activity-reports</abstract>
            <purpose>To provide data and information on the current status of installed solar PV quantity and capacity within each of New Jersey's counties.</purpose>
        </descript>
        <timeperd>
            <timeinfo>
                <sngdate>
                    <caldate>20190417</caldate>
                </sngdate>
            </timeinfo>
            <current>publication date</current>
        </timeperd>
        <status>
            <progress>In work</progress>
            <update>Monthly</update>
        </status>
        <spdom>
            <bounding>
                <westbc>-75.587089</westbc>
                <eastbc>-73.899178</eastbc>
                <northbc>41.357794</northbc>
                <southbc>38.924577</southbc>
            </bounding>
        </spdom>
        <keywords>
            <theme>
                <themekt>None</themekt>
                <themekey>Util_solar_county</themekey>
                <themekey>Solar PV</themekey>
                <themekey>Photovoltaic</themekey>
                <themekey>BPU</themekey>
                <themekey>NJDEP</themekey>
                <themekey>County</themekey>
                <themekey>energy</themekey>
            </theme>
            <theme>
                <themekt>ISO 19115 Topic Category</themekt>
                <themekey>utilitiesCommunication</themekey>
            </theme>
            <place>
                <placekt>None</placekt>
                <placekey>Morris County</placekey>
                <placekey>Cape May County</placekey>
                <placekey>Sussex County</placekey>
                <placekey>Ocean County</placekey>
                <placekey>Warren County</placekey>
                <placekey>Camden County</placekey>
                <placekey>Salem County</placekey>
                <placekey>Hunterdon County</placekey>
                <placekey>Somerset County</placekey>
                <placekey>Union County</placekey>
                <placekey>Burlington County</placekey>
                <placekey>Hudson County</placekey>
                <placekey>NJ</placekey>
                <placekey>Atlantic County</placekey>
                <placekey>New Jersey</placekey>
                <placekey>Cumberland County</placekey>
                <placekey>Bergen County</placekey>
                <placekey>Middlesex County</placekey>
                <placekey>USA</placekey>
                <placekey>Mercer County</placekey>
                <placekey>Monmouth County</placekey>
                <placekey>Essex County</placekey>
                <placekey>Gloucester County</placekey>
                <placekey>Passaic County</placekey>
            </place>
        </keywords>
        <accconst>In most cases, a downloadable shapefile (.zip) version of this layer is also available. Information to download the shapefile can be found in the Distribution Section of this metadata record. This data layer is shown in the NJDEP's NJ-GeoWeb mapping application accessible through the Online Linkage: https://www.nj.gov/dep/gis/geowebsplash.htm</accconst>
        <useconst>The data is this layer is derived from the NJ Clean Energy Program's monthly Solar Installation Report. New Jersey Department of Environmental Protection (NJDEP) Data Distribution Agreement. The data provided herein are distributed subject to the following conditions and restrictions: NJDEP assumes no responsibility to maintain them in any manner or form and disclaims any duty or obligation to either maintain availability of or to update the data. Terms of Agreement 1. All data is provided, as is, without any representation or warranty of any kind, implied, expressed or statutory including, but not limited to, the warranties of non-infringement of third party rights, title, merchantability or fitness for a particular use, freedom from computer virus nor are any such warranties to be implied with respect to the digital data layers furnished hereunder. User is responsible for understanding the accuracy limitations of all digital data layers provided herein, as documented in the accompanying cross-reference files (see SUPPLEMENTAL INFORMATION). Any reproduction or manipulation of the above data must ensure that the coordinate reference system remains intact. 2. Digital data received from the NJDEP may not be reproduced or redistributed without all the metadata provided. 3. Any maps, publications, reports, or other documents produced as a result of this project that utilize this digital data will credit the NJDEP's Geographic Information System (GIS) as the source of the data with the following credit/disclaimer: "This (map/publication/report) was developed using New Jersey Department of Environmental Protection Geographic Information System digital data, but this secondary product has not been verified by NJDEP and is not state-authorized or endorsed." 4. NJDEP makes no warranty that digital data are free of Copyright or Trademark claims or other restrictions or limitations on free use or display. Making a copy of this data may be subject to the copyright of trademark laws.</useconst>
        <ptcontac>
            <cntinfo>
                <cntorgp>
                    <cntorg>NJDEP Bureau of Energy &amp; Sustainability</cntorg>
                    <cntper>Ryan Gergely</cntper>
                </cntorgp>
                <cntpos>Research Scientist 3</cntpos>
                <cntaddr>
                    <addrtype>physical</addrtype>
                    <city>Trenton</city>
                    <state>NJ</state>
                    <postal>08625</postal>
                </cntaddr>
                <cntvoice>609-292-8848</cntvoice>
                <cntemail>ryan.gergely@dep.nj.gov</cntemail>
            </cntinfo>
        </ptcontac>
        <native>Version 6.2 (Build 9200) ; Esri ArcGIS 10.4.0.5524</native>
    </idinfo>
    <dataqual>
        <logic>Data from the NJ Clean Energy Program's monthly solar installation report was joined to the existing accurate counties data layer.</logic>
        <complete>The data from the solar installation report was referenced directly when creating the attribute values for this layer.</complete>
        <lineage>
            <srcinfo>
                <srccite>
                    <citeinfo>
                        <origin/>
                        <pubdate>20110606</pubdate>
                        <title>Counties of New Jersey, New Jersey State Plane NAD83, (Govt_admin_county_bnd)</title>
                        <edition>20110606</edition>
                        <geoform>vector digital data</geoform>
                        <pubinfo>
                            <pubplace/>
                            <publish>New Jersey Office of Information Technology (NJOIT), Office of Geographic Information Systems (OGIS)</publish>
                        </pubinfo>
                        <onlink>https://njgin.state.nj.us/NJ_NJGINExplorer/DataDownloads.jsp</onlink>
                    </citeinfo>
                </srccite>
                <srcscale>2400</srcscale>
                <typesrc>onLine</typesrc>
                <srctime>
                    <timeinfo>
                        <sngdate>
                            <caldate>20110606</caldate>
                        </sngdate>
                    </timeinfo>
                    <srccurr>Unknown</srccurr>
                </srctime>
                <srccitea>Counties of New Jersey, New Jersey State Plane NAD83, (Govt_admin_county_bnd)</srccitea>
                <srccontr>Used the geometry of the Counties dataset as the basis for this layer.</srccontr>
            </srcinfo>
            <procstep>
                <procdesc>On March 21, 2018 the NJBPU published an update to the Solar Installation Report, representing data up until February 28, 2018. When this data was published, the data pertaining to Residential Quantity and Capacity, Non-Residential Quantity and Capacity, Gird Supply Quantity and Capacity, and Total Quantity and Capacity in each of the 21 counties were joined to the Counties data layer.</procdesc>
                <procdate>20180321</procdate>
                <proccont>
                    <cntinfo>
                        <cntorgp>
                            <cntorg>NJDEP Bureau of Energy &amp; Sustainability</cntorg>
                            <cntper>Ryan Gergely</cntper>
                        </cntorgp>
                        <cntpos>Research Scientist 3</cntpos>
                        <cntaddr>
                            <addrtype>physical</addrtype>
                            <city>Trenton</city>
                            <state>NJ</state>
                            <postal>08625</postal>
                        </cntaddr>
                        <cntvoice>609-292-8848</cntvoice>
                        <cntemail>ryan.gergely@dep.nj.gov</cntemail>
                    </cntinfo>
                </proccont>
            </procstep>
        </lineage>
    </dataqual>
    <spdoinfo>
        <direct>Vector</direct>
        <ptvctinf>
            <sdtsterm>
                <sdtstype>GT-polygon composed of chains</sdtstype>
                <ptvctcnt>21</ptvctcnt>
            </sdtsterm>
        </ptvctinf>
    </spdoinfo>
    <eainfo>
        <detailed>
            <enttyp>
                <enttypl>Util_solar_county</enttypl>
                <enttypd>Solar PV by County</enttypd>
                <enttypds>NJDEP,BPU</enttypds>
            </enttyp>
            <attr>
                <attrlabl>OBJECTID</attrlabl>
                <attrdef>Internal feature number.</attrdef>
                <attrdefs>Esri</attrdefs>
                <attrdomv>
                                        					
                    
                    <udom>Sequential unique whole numbers that are automatically generated.</udom>
                                        				
                
                </attrdomv>
            </attr>
            <attr>
                <attrlabl>COUNTY</attrlabl>
                <attrdef>county name (capital letters)</attrdef>
                <attrdefs>New Jersey Department of Environmental Protection, Bureau of Geographic Information Systems</attrdefs>
                <attrdomv>
                                        					
                    
                    <udom>county name (capital letters)</udom>
                                        				
                
                </attrdomv>
            </attr>
            <attr>
                <attrlabl>GNIS</attrlabl>
                <attrdef>GNIS civil code</attrdef>
                <attrdefs>Bureau of Geographic Names - United States Geological Survey</attrdefs>
                <attrdomv>
                                        					
                    
                    <codesetd>
                                                						
                        
                        <codesetn>GNIS civil code</codesetn>
                                                						
                        
                        <codesets>Bureau of Geographic Names - United States Geological Survey</codesets>
                                                					
                    
                    </codesetd>
                                        				
                
                </attrdomv>
            </attr>
            <attr>
                <attrlabl>ACRES</attrlabl>
                <attrdef>area of county in acres (calculated from square feet in attribute table)</attrdef>
                <attrdefs>NJ Office of Information Technology, Office of Geographic Information Systems</attrdefs>
                <attrdomv>
                                        					
                    
                    <rdom>
                                                						
                        
                        <rdommin>32982.76</rdommin>
                                                						
                        
                        <rdommax>525009.47</rdommax>
                                                						
                        
                        <attrunit>acres</attrunit>
                                                					
                    
                    </rdom>
                                        				
                
                </attrdomv>
            </attr>
            <attr>
                <attrlabl>SQ_MILES</attrlabl>
                <attrdef>area of county in square miles (calculated from square feet in attribute table)</attrdef>
                <attrdefs>NJ Office of Information Technology, Office of Geographic Information Systems</attrdefs>
                <attrdomv>
                                        					
                    
                    <rdom>
                                                						
                        
                        <rdommin>51.53</rdommin>
                                                						
                        
                        <rdommax>820.32</rdommax>
                                                						
                        
                        <attrunit>square miles</attrunit>
                                                					
                    
                    </rdom>
                                        				
                
                </attrdomv>
            </attr>
            <attr>
                <attrlabl>POP2010</attrlabl>
                <attrdef>population in 2010</attrdef>
                <attrdefs>United States Census Bureau</attrdefs>
                <attrdomv>
                                        					
                    
                    <udom>population in 2010</udom>
                                        				
                
                </attrdomv>
            </attr>
            <attr>
                <attrlabl>POPDEN2010</attrlabl>
                <attrdef>population density per square mile in 2010</attrdef>
                <attrdefs>NJ Office of Information Technology, Office of Geographic Information Systems</attrdefs>
                <attrdomv>
                                        					
                    
                    <udom>population density per square mile in 2010</udom>
                                        				
                
                </attrdomv>
            </attr>
            <attr>
                <attrlabl>SHAPE</attrlabl>
                <attrdef>Feature geometry.</attrdef>
                <attrdefs>ESRI</attrdefs>
                <attrdomv>
                                        					
                    
                    <udom>Coordinates defining the features.</udom>
                                        				
                
                </attrdomv>
            </attr>
            <attr>
                <attrlabl>CountyCode</attrlabl>
                <attrdef>County Codes associated with each of NJ's 21 counties</attrdef>
                <attrdefs>NJBPU Clean Energy Program Solar Installation Report</attrdefs>
                <attrdomv>
                                        					
                    
                    <rdom>
                                                						
                        
                        <rdommin>1</rdommin>
                                                						
                        
                        <rdommax>21</rdommax>
                                                					
                    
                    </rdom>
                                        				
                
                </attrdomv>
            </attr>
            <attr>
                <attrlabl>Res_Qty</attrlabl>
                <attrdef>The number of residential solar PV installations</attrdef>
                <attrdefs>NJBPU Clean Energy Program Solar Installation Report</attrdefs>
                <attrdomv>
                                        					
                    
                    <udom>Unique Value</udom>
                                        				
                
                </attrdomv>
            </attr>
            <attr>
                <attrlabl>Res_kW</attrlabl>
                <attrdef>The installed capacity of residential solar PV installations in kilowatts (kW)</attrdef>
                <attrdefs>NJBPU Clean Energy Program Solar Installation Report</attrdefs>
                <attrdomv>
                                        					
                    
                    <udom>Unique Value</udom>
                                        				
                
                </attrdomv>
            </attr>
            <attr>
                <attrlabl>NonRes_Qty</attrlabl>
                <attrdef>The number of non-residential solar PV installations</attrdef>
                <attrdefs>NJBPU Clean Energy Program Solar Installation Report</attrdefs>
                <attrdomv>
                                        					
                    
                    <udom>Unique Value</udom>
                                        				
                
                </attrdomv>
            </attr>
            <attr>
                <attrlabl>NonRes_kW</attrlabl>
                <attrdef>The installed capacity of non-residential solar PV installations in kilowatts (kW)</attrdef>
                <attrdefs>NJBPU Clean Energy Program Solar Installation Report</attrdefs>
                <attrdomv>
                                        					
                    
                    <udom>Unique Value</udom>
                                        				
                
                </attrdomv>
            </attr>
            <attr>
                <attrlabl>Grid_Qty</attrlabl>
                <attrdef>The number of grid supply solar PV installations</attrdef>
                <attrdefs>NJBPU Clean Energy Program Solar Installation Report</attrdefs>
                <attrdomv>
                                        					
                    
                    <udom>Unique Value</udom>
                                        				
                
                </attrdomv>
            </attr>
            <attr>
                <attrlabl>Grid_kW</attrlabl>
                <attrdef>The installed capacity of grid supply solar PV installations in kilowatts (kW)</attrdef>
                <attrdefs>NJBPU Clean Energy Program Solar Installation Report</attrdefs>
                <attrdomv>
                                        					
                    
                    <udom>Unique Value</udom>
                                        				
                
                </attrdomv>
            </attr>
            <attr>
                <attrlabl>Total_Qty</attrlabl>
                <attrdef>The total number of solar PV installations</attrdef>
                <attrdefs>NJBPU Clean Energy Program Solar Installation Report</attrdefs>
                <attrdomv>
                                        					
                    
                    <udom>Unique Value</udom>
                                        				
                
                </attrdomv>
            </attr>
            <attr>
                <attrlabl>Total_kW</attrlabl>
                <attrdef>The total installed capacity of solar PV installations in kilowatts (kW)</attrdef>
                <attrdefs>NJBPU Clean Energy Program Solar Installation Report</attrdefs>
                <attrdomv>
                                        					
                    
                    <udom>Unique Value</udom>
                                        				
                
                </attrdomv>
            </attr>
            <attr>
                <attrlabl>Shape_Length</attrlabl>
                <attrdef>Length of feature in internal units.</attrdef>
                <attrdefs>Esri</attrdefs>
                <attrdomv>
                                        					
                    
                    <udom>Positive real numbers that are automatically generated.</udom>
                                        				
                
                </attrdomv>
            </attr>
            <attr>
                <attrlabl>Shape_Area</attrlabl>
                <attrdef>Area of feature in internal units squared.</attrdef>
                <attrdefs>Esri</attrdefs>
                <attrdomv>
                                        					
                    
                    <udom>Positive real numbers that are automatically generated.</udom>
                                        				
                
                </attrdomv>
            </attr>
        </detailed>
    </eainfo>
    <distinfo>
        <distrib>
            <cntinfo>
                <cntorgp>
                    <cntorg>NJDEP/DOIT/BGIS</cntorg>
                </cntorgp>
                <cntaddr>
                    <addrtype>mailing and physical</addrtype>
                    <address>401 East State Street</address>
                    <address>PO Box 420</address>
                    <city>Trenton</city>
                    <state>NJ</state>
                    <postal>08625</postal>
                </cntaddr>
                <cntvoice>(609) 777-0672</cntvoice>
                <cntfax>(609) 292-7900</cntfax>
                <cntemail>gisnet@dep.nj.gov</cntemail>
            </cntinfo>
        </distrib>
        <resdesc>Downloadable Data</resdesc>
        <distliab>See access and use constraints information.</distliab>
        <stdorder>
            <digform>
                <digtinfo>
                    <formname>DEP distributes ESRI .SHP and/or GDB. Some data may be NJ GeoWeb "display only" layers.</formname>
                    <formvern>9x/10x</formvern>
                    <formspec>NJDEP NJ GeoWeb online mapping application</formspec>
                    <filedec>zip</filedec>
                </digtinfo>
                <digtopt>
                    <onlinopt>
                        <computer>
                            <networka>
                                <networkr>https://www.nj.gov/dep/gis/geowebsplash.htm</networkr>
                            </networka>
                        </computer>
                    </onlinopt>
                    <onlinopt>
                        <computer>
                            <networka>
                                <networkr>https://www.nj.gov/dep/gis/</networkr>
                            </networka>
                        </computer>
                    </onlinopt>
                    <onlinopt>
                        <computer>
                            <networka>
                                <networkr>https://gisdata-njdep.opendata.arcgis.com/</networkr>
                            </networka>
                        </computer>
                    </onlinopt>
                </digtopt>
            </digform>
            <fees>none</fees>
            <ordering>none</ordering>
        </stdorder>
    </distinfo>
    <metainfo>
        <metd>20201125</metd>
        <metc>
            <cntinfo>
                <cntorgp>
                    <cntorg>NJDEP Bureau of Energy &amp; Sustainability</cntorg>
                    <cntper>Ryan Gergely</cntper>
                </cntorgp>
                <cntpos>Research Scientist 3</cntpos>
                <cntaddr>
                    <addrtype>physical</addrtype>
                    <city>Trenton</city>
                    <state>NJ</state>
                    <postal>08625</postal>
                </cntaddr>
                <cntvoice>609-292-8848</cntvoice>
                <cntemail>ryan.gergely@dep.nj.gov</cntemail>
            </cntinfo>
        </metc>
        <metstdn>FGDC Content Standard for Digital Geospatial Metadata</metstdn>
        <metstdv>FGDC-STD-001-1998</metstdv>
        <mettc>local time</mettc>
    </metainfo>
</metadata>
